ts	phase	decision	why	evidence	result
2026-09-29T09:45:15Z	scaffold	Chose a single Node 22 TypeScript loopback process with strict contracts and CI	One runtime and a key-free setup keep the first release runnable	https://github.com/jpequegn/privacy-preserving-multi-model-gateway/pull/10	CI passed and merged
2026-09-29T09:46:50Z	routing	Filtered privacy capability and budget before ranking models	Fallback must never weaken a hard request constraint	https://github.com/jpequegn/privacy-preserving-multi-model-gateway/pull/11	Routing tests passed and merged
2026-09-29T09:49:09Z	demo	Added three deterministic fake models and marked their answers synthetic	Users can inspect routing without keys or provider spend	https://github.com/jpequegn/privacy-preserving-multi-model-gateway/pull/12	HTTP tests passed and merged
2026-09-29T09:51:56Z	execution	Allowed fallback only before answer content was emitted	Splicing two providers after partial output would mislead users	https://github.com/jpequegn/privacy-preserving-multi-model-gateway/pull/13	Timeout and partial-stream tests passed and merged
2026-09-29T09:54:19Z	ledger	Stored an explicit metadata whitelist with 30-day retention	Prompts answers and corrections should not enter local analytics	https://github.com/jpequegn/privacy-preserving-multi-model-gateway/pull/14	Canary and restart tests passed and merged
2026-09-29T09:56:28Z	feedback	Required five ratings before user feedback changed soft quality ranking	Sparse preference signals should not dominate routing	https://github.com/jpequegn/privacy-preserving-multi-model-gateway/pull/15	Leaderboard tests passed and merged
2026-09-29T10:03:29Z	dashboard	Served an offline responsive operator view from the gateway	A single working surface makes routes costs and feedback inspectable	https://github.com/jpequegn/privacy-preserving-multi-model-gateway/pull/16	Desktop and mobile browser checks passed
2026-09-29T10:10:05Z	providers	Required server-owned config an allowlisted HTTPS host and request opt-in for remote calls	Credentials and network egress need independent gates	https://github.com/jpequegn/privacy-preserving-multi-model-gateway/pull/17	Mock contracts and live local Ollama smoke passed
2026-09-29T10:19:05Z	comparison	Made two-model comparison opt-in and showed disagreement without fusing answers	Unmeasured confidence or automatic answer merging would overstate quality	src/http.ts;test/generation.test.ts	Browser comparison flow and API tests passed
2026-09-29T10:19:05Z	review	Shared the comparison deadline and marked reported cost overruns interrupted	Independent review found canceled comparisons could keep spending and completed receipts could exceed caps	test/generation.test.ts;test/execution.test.ts	Disconnect and cost-overrun tests passed
